-- Seed Departments
INSERT INTO departments (id, name) VALUES 
('d1000000-0000-0000-0000-000000000001', 'Engineering'),
('d1000000-0000-0000-0000-000000000002', 'Sales'),
('d1000000-0000-0000-0000-000000000003', 'Marketing'),
('d1000000-0000-0000-0000-000000000004', 'Human Resources'),
('d1000000-0000-0000-0000-000000000005', 'Finance')
ON CONFLICT (id) DO NOTHING;

-- Seed Roles
INSERT INTO roles (id, name) VALUES 
('r2000000-0000-0000-0000-000000000001', 'Manager'),
('r2000000-0000-0000-0000-000000000002', 'Lead'),
('r2000000-0000-0000-0000-000000000003', 'Associate'),
('r2000000-0000-0000-0000-000000000004', 'Director'),
('r2000000-0000-0000-0000-000000000005', 'VP')
ON CONFLICT (id) DO NOTHING;

-- Seed 20 Users (Profiles)
INSERT INTO profiles (display_name, email, department_id, role_ids) VALUES 
('Alice Johnson', 'alice.j@example.com', 'd1000000-0000-0000-0000-000000000001', ARRAY['r2000000-0000-0000-0000-000000000001'::uuid]),
('Bob Smith', 'bob.s@example.com', 'd1000000-0000-0000-0000-000000000001', ARRAY['r2000000-0000-0000-0000-000000000002'::uuid]),
('Charlie Davis', 'charlie.d@example.com', 'd1000000-0000-0000-0000-000000000002', ARRAY['r2000000-0000-0000-0000-000000000003'::uuid]),
('Diana Prince', 'diana.p@example.com', 'd1000000-0000-0000-0000-000000000002', ARRAY['r2000000-0000-0000-0000-000000000004'::uuid]),
('Ethan Hunt', 'ethan.h@example.com', 'd1000000-0000-0000-0000-000000000003', ARRAY['r2000000-0000-0000-0000-000000000005'::uuid]),
('Fiona Glenanne', 'fiona.g@example.com', 'd1000000-0000-0000-0000-000000000003', ARRAY['r2000000-0000-0000-0000-000000000001'::uuid]),
('George Costanza', 'george.c@example.com', 'd1000000-0000-0000-0000-000000000004', ARRAY['r2000000-0000-0000-0000-000000000003'::uuid]),
('Hannah Baker', 'hannah.b@example.com', 'd1000000-0000-0000-0000-000000000004', ARRAY['r2000000-0000-0000-0000-000000000002'::uuid]),
('Ian Wright', 'ian.w@example.com', 'd1000000-0000-0000-0000-000000000005', ARRAY['r2000000-0000-0000-0000-000000000001'::uuid]),
('Jane Doe', 'jane.d@example.com', 'd1000000-0000-0000-0000-000000000005', ARRAY['r2000000-0000-0000-0000-000000000004'::uuid]),
('Kevin Hart', 'kevin.h@example.com', 'd1000000-0000-0000-0000-000000000001', ARRAY['r2000000-0000-0000-0000-000000000003'::uuid]),
('Laura Croft', 'laura.c@example.com', 'd1000000-0000-0000-0000-000000000001', ARRAY['r2000000-0000-0000-0000-000000000005'::uuid]),
('Mike Ross', 'mike.r@example.com', 'd1000000-0000-0000-0000-000000000002', ARRAY['r2000000-0000-0000-0000-000000000002'::uuid]),
('Nina Myers', 'nina.m@example.com', 'd1000000-0000-0000-0000-000000000002', ARRAY['r2000000-0000-0000-0000-000000000001'::uuid]),
('Oscar Martinez', 'oscar.m@example.com', 'd1000000-0000-0000-0000-000000000003', ARRAY['r2000000-0000-0000-0000-000000000003'::uuid]),
('Pam Beesly', 'pam.b@example.com', 'd1000000-0000-0000-0000-000000000003', ARRAY['r2000000-0000-0000-0000-000000000002'::uuid]),
('Quinn Fabray', 'quinn.f@example.com', 'd1000000-0000-0000-0000-000000000004', ARRAY['r2000000-0000-0000-0000-000000000004'::uuid]),
('Rachel Green', 'rachel.g@example.com', 'd1000000-0000-0000-0000-000000000004', ARRAY['r2000000-0000-0000-0000-000000000005'::uuid]),
('Steve Rogers', 'steve.r@example.com', 'd1000000-0000-0000-0000-000000000005', ARRAY['r2000000-0000-0000-0000-000000000003'::uuid]),
('Tony Stark', 'tony.s@example.com', 'd1000000-0000-0000-0000-000000000005', ARRAY['r2000000-0000-0000-0000-000000000001'::uuid]);
